Workbook

Sheet sample distribution
A1: p | C1: sample 1 | D1: sample 2 | E1: sample 3 | F1: sample 4 | G1: sample 5 | H1: sample 6 | I1: sample 7 | J1: sample 8 | K1: sample 9 | L1: sample 10 | M1: sample 11 | N1: sample 12 | O1: sample 13 | P1: sample 14 | Q1: sample 15 | R1: sample 16 | S1: sample 17 | T1: sample 18 | U1: sample 19 | V1: sample 20 | W1: sample 21 | X1: sample 22 | Y1: sample 23 | Z1: sample 24 | AA1: sample 25 | AB1: sample 26 | AC1: sample 27 | AD1: sample 28 | AE1: sample 29 | AF1: sample 30 | AG1: sample 31 | AH1: sample 32 | AI1: sample 33 | AJ1: sample 34 | AK1: sample 35 | AL1: sample 36 | AM1: sample 37 | AN1: sample 38 | AO1: sample 39 | AP1: sample 40 | AQ1: sample 41 | AR1: sample 42 | AS1: sample 43 | AT1: sample 44 | AU1: sample 45 | AV1: sample 46 | AW1: sample 47 | AX1: sample 48 | AY1: sample 49 | AZ1: sample 50 | BA1: sample 51 | BB1: sample 52 | BC1: sample 53 | BD1: sample 54 | BE1: sample 55 | BF1: sample 56 | BG1: sample 57 | BH1: sample 58 | BI1: sample 59 | BJ1: sample 60 | BK1: sample 61 | BL1: sample 62 | BM1: sample 63 | BN1: sample 64 | BO1: sample 65 | BP1: sample 66 | BQ1: sample 67 | BR1: sample 68 | BS1: sample 69 | BT1: sample 70 | BU1: sample 71 | BV1: sample 72 | BW1: sample 73 | BX1: sample 74 | BY1: sample 75 | BZ1: sample 76 | CA1: sample 77 | CB1: sample 78 | CC1: sample 79 | CD1: sample 80 | CE1: sample 81 | CF1: sample 82 | CG1: sample 83 | CH1: sample 84 | CI1: sample 85 | CJ1: sample 86 | CK1: sample 87 | CL1: sample 88 | CM1: sample 89 | CN1: sample 90 | CO1: sample 91 | CP1: sample 92 | CQ1: sample 93 | CR1: sample 94 | CS1: sample 95 | CT1: sample 96 | CU1: sample 97 | CV1: sample 98 | CW1: sample 99 | CX1: sample 100 | CZ1: mean of 100 means | DA1: sd of 100 means | DB1: sd formula
A2: 0.3 | B2: sample mean | C2: =AVERAGE(C3:C502) -> 0.314 | D2: =AVERAGE(D3:D502) -> 0.272 | E2: =AVERAGE(E3:E502) -> 0.292 | F2: =AVERAGE(F3:F502) -> 0.294 | G2: =AVERAGE(G3:G502) -> 0.322 | H2: =AVERAGE(H3:H502) -> 0.27 | I2: =AVERAGE(I3:I502) -> 0.286 | J2: =AVERAGE(J3:J502) -> 0.306 | ... CX2: =AVERAGE(CX3:CX502) -> 0.32 | CZ2: =AVERAGE(C2:CX2) -> 0.29622 | DA2: =_xlfn.STDEV.S(C2:CX2) -> 0.02033238 | DB2: =(A2*(1-A2)/500)^0.5 -> 0.020493902
B3: 1 | C3: =IF(RAND()<$A$2,1,0) -> 1 | D3: =IF(RAND()<$A$2,1,0) -> 0 | E3: =IF(RAND()<$A$2,1,0) -> 1 | F3: =IF(RAND()<$A$2,1,0) -> 0 | G3: =IF(RAND()<$A$2,1,0) -> 1 | H3: =IF(RAND()<$A$2,1,0) -> 1 | I3: =IF(RAND()<$A$2,1,0) -> 0 | J3: =IF(RAND()<$A$2,1,0) -> 1 | ... CX3: =IF(RAND()<$A$2,1,0) -> 0
B4: 2 | C4: =IF(RAND()<$A$2,1,0) -> 0 | D4: =IF(RAND()<$A$2,1,0) -> 0 | E4: =IF(RAND()<$A$2,1,0) -> 0 | F4: =IF(RAND()<$A$2,1,0) -> 0 | G4: =IF(RAND()<$A$2,1,0) -> 1 | H4: =IF(RAND()<$A$2,1,0) -> 1 | I4: =IF(RAND()<$A$2,1,0) -> 0 | J4: =IF(RAND()<$A$2,1,0) -> 0 | ... CX4: =IF(RAND()<$A$2,1,0) -> 1
B5: 3 | C5: =IF(RAND()<$A$2,1,0) -> 0 | D5: =IF(RAND()<$A$2,1,0) -> 0 | E5: =IF(RAND()<$A$2,1,0) -> 0 | F5: =IF(RAND()<$A$2,1,0) -> 1 | G5: =IF(RAND()<$A$2,1,0) -> 0 | H5: =IF(RAND()<$A$2,1,0) -> 1 | I5: =IF(RAND()<$A$2,1,0) -> 1 | J5: =IF(RAND()<$A$2,1,0) -> 0 | ... CX5: =IF(RAND()<$A$2,1,0) -> 0
B6: 4 | C6: =IF(RAND()<$A$2,1,0) -> 0 | D6: =IF(RAND()<$A$2,1,0) -> 0 | E6: =IF(RAND()<$A$2,1,0) -> 0 | F6: =IF(RAND()<$A$2,1,0) -> 0 | G6: =IF(RAND()<$A$2,1,0) -> 1 | H6: =IF(RAND()<$A$2,1,0) -> 1 | I6: =IF(RAND()<$A$2,1,0) -> 0 | J6: =IF(RAND()<$A$2,1,0) -> 0 | ... CX6: =IF(RAND()<$A$2,1,0) -> 1
B7: 5 | C7: =IF(RAND()<$A$2,1,0) -> 0 | D7: =IF(RAND()<$A$2,1,0) -> 0 | E7: =IF(RAND()<$A$2,1,0) -> 0 | F7: =IF(RAND()<$A$2,1,0) -> 0 | G7: =IF(RAND()<$A$2,1,0) -> 1 | H7: =IF(RAND()<$A$2,1,0) -> 0 | I7: =IF(RAND()<$A$2,1,0) -> 0 | J7: =IF(RAND()<$A$2,1,0) -> 1 | ... CX7: =IF(RAND()<$A$2,1,0) -> 1
B8: 6 | C8: =IF(RAND()<$A$2,1,0) -> 1 | D8: =IF(RAND()<$A$2,1,0) -> 0 | E8: =IF(RAND()<$A$2,1,0) -> 0 | F8: =IF(RAND()<$A$2,1,0) -> 1 | G8: =IF(RAND()<$A$2,1,0) -> 0 | H8: =IF(RAND()<$A$2,1,0) -> 0 | I8: =IF(RAND()<$A$2,1,0) -> 0 | J8: =IF(RAND()<$A$2,1,0) -> 1 | ... CX8: =IF(RAND()<$A$2,1,0) -> 0
B9: 7 | C9: =IF(RAND()<$A$2,1,0) -> 0 | D9: =IF(RAND()<$A$2,1,0) -> 0 | E9: =IF(RAND()<$A$2,1,0) -> 0 | F9: =IF(RAND()<$A$2,1,0) -> 0 | G9: =IF(RAND()<$A$2,1,0) -> 0 | H9: =IF(RAND()<$A$2,1,0) -> 0 | I9: =IF(RAND()<$A$2,1,0) -> 0 | J9: =IF(RAND()<$A$2,1,0) -> 1 | ... CX9: =IF(RAND()<$A$2,1,0) -> 1
B10: 8 | C10: =IF(RAND()<$A$2,1,0) -> 0 | D10: =IF(RAND()<$A$2,1,0) -> 0 | E10: =IF(RAND()<$A$2,1,0) -> 0 | F10: =IF(RAND()<$A$2,1,0) -> 0 | G10: =IF(RAND()<$A$2,1,0) -> 0 | H10: =IF(RAND()<$A$2,1,0) -> 0 | I10: =IF(RAND()<$A$2,1,0) -> 1 | J10: =IF(RAND()<$A$2,1,0) -> 0 | ... CX10: =IF(RAND()<$A$2,1,0) -> 1
B11: 9 | C11: =IF(RAND()<$A$2,1,0) -> 1 | D11: =IF(RAND()<$A$2,1,0) -> 0 | E11: =IF(RAND()<$A$2,1,0) -> 0 | F11: =IF(RAND()<$A$2,1,0) -> 0 | G11: =IF(RAND()<$A$2,1,0) -> 1 | H11: =IF(RAND()<$A$2,1,0) -> 0 | I11: =IF(RAND()<$A$2,1,0) -> 1 | J11: =IF(RAND()<$A$2,1,0) -> 0 | ... CX11: =IF(RAND()<$A$2,1,0) -> 0
B12: 10 | C12: =IF(RAND()<$A$2,1,0) -> 0 | D12: =IF(RAND()<$A$2,1,0) -> 0 | E12: =IF(RAND()<$A$2,1,0) -> 0 | F12: =IF(RAND()<$A$2,1,0) -> 0 | G12: =IF(RAND()<$A$2,1,0) -> 0 | H12: =IF(RAND()<$A$2,1,0) -> 0 | I12: =IF(RAND()<$A$2,1,0) -> 0 | J12: =IF(RAND()<$A$2,1,0) -> 1 | ... CX12: =IF(RAND()<$A$2,1,0) -> 0
B13: 11 | C13: =IF(RAND()<$A$2,1,0) -> 1 | D13: =IF(RAND()<$A$2,1,0) -> 1 | E13: =IF(RAND()<$A$2,1,0) -> 0 | F13: =IF(RAND()<$A$2,1,0) -> 1 | G13: =IF(RAND()<$A$2,1,0) -> 0 | H13: =IF(RAND()<$A$2,1,0) -> 0 | I13: =IF(RAND()<$A$2,1,0) -> 0 | J13: =IF(RAND()<$A$2,1,0) -> 1 | ... CX13: =IF(RAND()<$A$2,1,0) -> 1
B14: 12 | C14: =IF(RAND()<$A$2,1,0) -> 1 | D14: =IF(RAND()<$A$2,1,0) -> 1 | E14: =IF(RAND()<$A$2,1,0) -> 0 | F14: =IF(RAND()<$A$2,1,0) -> 0 | G14: =IF(RAND()<$A$2,1,0) -> 0 | H14: =IF(RAND()<$A$2,1,0) -> 0 | I14: =IF(RAND()<$A$2,1,0) -> 0 | J14: =IF(RAND()<$A$2,1,0) -> 1 | ... CX14: =IF(RAND()<$A$2,1,0) -> 0
... B502: 500 | C502: =IF(RAND()<$A$2,1,0) -> 0 | D502: =IF(RAND()<$A$2,1,0) -> 0 | E502: =IF(RAND()<$A$2,1,0) -> 0 | F502: =IF(RAND()<$A$2,1,0) -> 0 | G502: =IF(RAND()<$A$2,1,0) -> 0 | H502: =IF(RAND()<$A$2,1,0) -> 0 | I502: =IF(RAND()<$A$2,1,0) -> 1 | J502: =IF(RAND()<$A$2,1,0) -> 0 | ... CX502: =IF(RAND()<$A$2,1,0) -> 1

Sheet bootstrap
B1: sample 1 | C1: bsample 1 | D1: bsample 2 | E1: bsample 3 | F1: bsample 4 | G1: bsample 5 | H1: bsample 6 | I1: bsample 7 | J1: bsample 8 | K1: bsample 9 | L1: bsample 10 | M1: bsample 11 | N1: bsample 12 | O1: bsample 13 | P1: bsample 14 | Q1: bsample 15 | R1: bsample 16 | S1: bsample 17 | T1: bsample 18 | U1: bsample 19 | V1: bsample 20 | W1: bsample 21 | X1: bsample 22 | Y1: bsample 23 | Z1: bsample 24 | AA1: bsample 25 | AB1: bsample 26 | AC1: bsample 27 | AD1: bsample 28 | AE1: bsample 29 | AF1: bsample 30 | AG1: bsample 31 | AH1: bsample 32 | AI1: bsample 33 | AJ1: bsample 34 | AK1: bsample 35 | AL1: bsample 36 | AM1: bsample 37 | AN1: bsample 38 | AO1: bsample 39 | AP1: bsample 40 | AQ1: bsample 41 | AR1: bsample 42 | AS1: bsample 43 | AT1: bsample 44 | AU1: bsample 45 | AV1: bsample 46 | AW1: bsample 47 | AX1: bsample 48 | AY1: bsample 49 | AZ1: bsample 50 | BA1: bsample 51 | BB1: bsample 52 | BC1: bsample 53 | BD1: bsample 54 | BE1: bsample 55 | BF1: bsample 56 | BG1: bsample 57 | BH1: bsample 58 | BI1: bsample 59 | BJ1: bsample 60 | BK1: bsample 61 | BL1: bsample 62 | BM1: bsample 63 | BN1: bsample 64 | BO1: bsample 65 | BP1: bsample 66 | BQ1: bsample 67 | BR1: bsample 68 | BS1: bsample 69 | BT1: bsample 70 | BU1: bsample 71 | BV1: bsample 72 | BW1: bsample 73 | BX1: bsample 74 | BY1: bsample 75 | BZ1: bsample 76 | CA1: bsample 77 | CB1: bsample 78 | CC1: bsample 79 | CD1: bsample 80 | CE1: bsample 81 | CF1: bsample 82 | CG1: bsample 83 | CH1: bsample 84 | CI1: bsample 85 | CJ1: bsample 86 | CK1: bsample 87 | CL1: bsample 88 | CM1: bsample 89 | CN1: bsample 90 | CO1: bsample 91 | CP1: bsample 92 | CQ1: bsample 93 | CR1: bsample 94 | CS1: bsample 95 | CT1: bsample 96 | CU1: bsample 97 | CV1: bsample 98 | CW1: bsample 99 | CX1: bsample 100 | CZ1: mean of 100 bs means | DA1: sd of 100 bs means | DB1: sd formula
A2: sample mean | B2: =AVERAGE(B3:B502) -> 0.314 | C2: =AVERAGE(C3:C502) -> 0.292 | D2: =AVERAGE(D3:D502) -> 0.336 | E2: =AVERAGE(E3:E502) -> 0.28 | F2: =AVERAGE(F3:F502) -> 0.302 | G2: =AVERAGE(G3:G502) -> 0.292 | H2: =AVERAGE(H3:H502) -> 0.33 | I2: =AVERAGE(I3:I502) -> 0.316 | ... CX2: =AVERAGE(CX3:CX502) -> 0.326 | CZ2: =AVERAGE(C2:CX2) -> 0.31246 | DA2: =_xlfn.STDEV.S(C2:CX2) -> 0.022214482 | DB2: =('sample distribution'!A2*(1-'sample distribution'!A2)/500)^0.5 -> 0.020493902
A3: 1 | B3: ='sample distribution'!C3 -> 1 | C3: {=INDEX($B$3:$B$502, RANDBETWEEN(1, ROWS($B$3:$B$502)),1)} -> 1 | D3: {=INDEX($B$3:$B$502, RANDBETWEEN(1, ROWS($B$3:$B$502)),1)} -> 0 | E3: {=INDEX($B$3:$B$502, RANDBETWEEN(1, ROWS($B$3:$B$502)),1)} -> 0 | F3: {=INDEX($B$3:$B$502, RANDBETWEEN(1, ROWS($B$3:$B$502)),1)} -> 1 | G3: {=INDEX($B$3:$B$502, RANDBETWEEN(1, ROWS($B$3:$B$502)),1)} -> 0 | H3: {=INDEX($B$3:$B$502, RANDBETWEEN(1, ROWS($B$3:$B$502)),1)} -> 1 | I3: {=INDEX($B$3:$B$502, RANDBETWEEN(1, ROWS($B$3:$B$502)),1)} -> 1 | J3: {=INDEX($B$3:$B$502, RANDBETWEEN(1, ROWS($B$3:$B$502)),1)} -> 0 | ... CX3: {=INDEX($B$3:$B$502, RANDBETWEEN(1, ROWS($B$3:$B$502)),1)} -> 1
A4: 2 | B4: ='sample distribution'!C4 -> 0 | C4: {=INDEX($B$3:$B$502, RANDBETWEEN(1, ROWS($B$3:$B$502)),1)} -> 1 | D4: {=INDEX($B$3:$B$502, RANDBETWEEN(1, ROWS($B$3:$B$502)),1)} -> 1 | E4: {=INDEX($B$3:$B$502, RANDBETWEEN(1, ROWS($B$3:$B$502)),1)} -> 0 | F4: {=INDEX($B$3:$B$502, RANDBETWEEN(1, ROWS($B$3:$B$502)),1)} -> 0 | G4: {=INDEX($B$3:$B$502, RANDBETWEEN(1, ROWS($B$3:$B$502)),1)} -> 0 | H4: {=INDEX($B$3:$B$502, RANDBETWEEN(1, ROWS($B$3:$B$502)),1)} -> 1 | I4: {=INDEX($B$3:$B$502, RANDBETWEEN(1, ROWS($B$3:$B$502)),1)} -> 1 | J4: {=INDEX($B$3:$B$502, RANDBETWEEN(1, ROWS($B$3:$B$502)),1)} -> 0 | ... CX4: {=INDEX($B$3:$B$502, RANDBETWEEN(1, ROWS($B$3:$B$502)),1)} -> 1
A5: 3 | B5: ='sample distribution'!C5 -> 0 | C5: {=INDEX($B$3:$B$502, RANDBETWEEN(1, ROWS($B$3:$B$502)),1)} -> 1 | D5: {=INDEX($B$3:$B$502, RANDBETWEEN(1, ROWS($B$3:$B$502)),1)} -> 1 | E5: {=INDEX($B$3:$B$502, RANDBETWEEN(1, ROWS($B$3:$B$502)),1)} -> 0 | F5: {=INDEX($B$3:$B$502, RANDBETWEEN(1, ROWS($B$3:$B$502)),1)} -> 1 | G5: {=INDEX($B$3:$B$502, RANDBETWEEN(1, ROWS($B$3:$B$502)),1)} -> 0 | H5: {=INDEX($B$3:$B$502, RANDBETWEEN(1, ROWS($B$3:$B$502)),1)} -> 0 | I5: {=INDEX($B$3:$B$502, RANDBETWEEN(1, ROWS($B$3:$B$502)),1)} -> 0 | J5: {=INDEX($B$3:$B$502, RANDBETWEEN(1, ROWS($B$3:$B$502)),1)} -> 0 | ... CX5: {=INDEX($B$3:$B$502, RANDBETWEEN(1, ROWS($B$3:$B$502)),1)} -> 1
A6: 4 | B6: ='sample distribution'!C6 -> 0 | C6: {=INDEX($B$3:$B$502, RANDBETWEEN(1, ROWS($B$3:$B$502)),1)} -> 0 | D6: {=INDEX($B$3:$B$502, RANDBETWEEN(1, ROWS($B$3:$B$502)),1)} -> 0 | E6: {=INDEX($B$3:$B$502, RANDBETWEEN(1, ROWS($B$3:$B$502)),1)} -> 0 | F6: {=INDEX($B$3:$B$502, RANDBETWEEN(1, ROWS($B$3:$B$502)),1)} -> 0 | G6: {=INDEX($B$3:$B$502, RANDBETWEEN(1, ROWS($B$3:$B$502)),1)} -> 0 | H6: {=INDEX($B$3:$B$502, RANDBETWEEN(1, ROWS($B$3:$B$502)),1)} -> 1 | I6: {=INDEX($B$3:$B$502, RANDBETWEEN(1, ROWS($B$3:$B$502)),1)} -> 0 | J6: {=INDEX($B$3:$B$502, RANDBETWEEN(1, ROWS($B$3:$B$502)),1)} -> 1 | ... CX6: {=INDEX($B$3:$B$502, RANDBETWEEN(1, ROWS($B$3:$B$502)),1)} -> 0
A7: 5 | B7: ='sample distribution'!C7 -> 0 | C7: {=INDEX($B$3:$B$502, RANDBETWEEN(1, ROWS($B$3:$B$502)),1)} -> 1 | D7: {=INDEX($B$3:$B$502, RANDBETWEEN(1, ROWS($B$3:$B$502)),1)} -> 1 | E7: {=INDEX($B$3:$B$502, RANDBETWEEN(1, ROWS($B$3:$B$502)),1)} -> 0 | F7: {=INDEX($B$3:$B$502, RANDBETWEEN(1, ROWS($B$3:$B$502)),1)} -> 0 | G7: {=INDEX($B$3:$B$502, RANDBETWEEN(1, ROWS($B$3:$B$502)),1)} -> 0 | H7: {=INDEX($B$3:$B$502, RANDBETWEEN(1, ROWS($B$3:$B$502)),1)} -> 1 | I7: {=INDEX($B$3:$B$502, RANDBETWEEN(1, ROWS($B$3:$B$502)),1)} -> 0 | J7: {=INDEX($B$3:$B$502, RANDBETWEEN(1, ROWS($B$3:$B$502)),1)} -> 0 | ... CX7: {=INDEX($B$3:$B$502, RANDBETWEEN(1, ROWS($B$3:$B$502)),1)} -> 0
A8: 6 | B8: ='sample distribution'!C8 -> 1 | C8: {=INDEX($B$3:$B$502, RANDBETWEEN(1, ROWS($B$3:$B$502)),1)} -> 1 | D8: {=INDEX($B$3:$B$502, RANDBETWEEN(1, ROWS($B$3:$B$502)),1)} -> 0 | E8: {=INDEX($B$3:$B$502, RANDBETWEEN(1, ROWS($B$3:$B$502)),1)} -> 0 | F8: {=INDEX($B$3:$B$502, RANDBETWEEN(1, ROWS($B$3:$B$502)),1)} -> 1 | G8: {=INDEX($B$3:$B$502, RANDBETWEEN(1, ROWS($B$3:$B$502)),1)} -> 0 | H8: {=INDEX($B$3:$B$502, RANDBETWEEN(1, ROWS($B$3:$B$502)),1)} -> 0 | I8: {=INDEX($B$3:$B$502, RANDBETWEEN(1, ROWS($B$3:$B$502)),1)} -> 0 | J8: {=INDEX($B$3:$B$502, RANDBETWEEN(1, ROWS($B$3:$B$502)),1)} -> 0 | ... CX8: {=INDEX($B$3:$B$502, RANDBETWEEN(1, ROWS($B$3:$B$502)),1)} -> 0
A9: 7 | B9: ='sample distribution'!C9 -> 0 | C9: {=INDEX($B$3:$B$502, RANDBETWEEN(1, ROWS($B$3:$B$502)),1)} -> 0 | D9: {=INDEX($B$3:$B$502, RANDBETWEEN(1, ROWS($B$3:$B$502)),1)} -> 0 | E9: {=INDEX($B$3:$B$502, RANDBETWEEN(1, ROWS($B$3:$B$502)),1)} -> 1 | F9: {=INDEX($B$3:$B$502, RANDBETWEEN(1, ROWS($B$3:$B$502)),1)} -> 0 | G9: {=INDEX($B$3:$B$502, RANDBETWEEN(1, ROWS($B$3:$B$502)),1)} -> 0 | H9: {=INDEX($B$3:$B$502, RANDBETWEEN(1, ROWS($B$3:$B$502)),1)} -> 1 | I9: {=INDEX($B$3:$B$502, RANDBETWEEN(1, ROWS($B$3:$B$502)),1)} -> 0 | J9: {=INDEX($B$3:$B$502, RANDBETWEEN(1, ROWS($B$3:$B$502)),1)} -> 0 | ... CX9: {=INDEX($B$3:$B$502, RANDBETWEEN(1, ROWS($B$3:$B$502)),1)} -> 0
A10: 8 | B10: ='sample distribution'!C10 -> 0 | C10: {=INDEX($B$3:$B$502, RANDBETWEEN(1, ROWS($B$3:$B$502)),1)} -> 0 | D10: {=INDEX($B$3:$B$502, RANDBETWEEN(1, ROWS($B$3:$B$502)),1)} -> 1 | E10: {=INDEX($B$3:$B$502, RANDBETWEEN(1, ROWS($B$3:$B$502)),1)} -> 0 | F10: {=INDEX($B$3:$B$502, RANDBETWEEN(1, ROWS($B$3:$B$502)),1)} -> 0 | G10: {=INDEX($B$3:$B$502, RANDBETWEEN(1, ROWS($B$3:$B$502)),1)} -> 0 | H10: {=INDEX($B$3:$B$502, RANDBETWEEN(1, ROWS($B$3:$B$502)),1)} -> 1 | I10: {=INDEX($B$3:$B$502, RANDBETWEEN(1, ROWS($B$3:$B$502)),1)} -> 0 | J10: {=INDEX($B$3:$B$502, RANDBETWEEN(1, ROWS($B$3:$B$502)),1)} -> 1 | ... CX10: {=INDEX($B$3:$B$502, RANDBETWEEN(1, ROWS($B$3:$B$502)),1)} -> 0
A11: 9 | B11: ='sample distribution'!C11 -> 1 | C11: {=INDEX($B$3:$B$502, RANDBETWEEN(1, ROWS($B$3:$B$502)),1)} -> 0 | D11: {=INDEX($B$3:$B$502, RANDBETWEEN(1, ROWS($B$3:$B$502)),1)} -> 0 | E11: {=INDEX($B$3:$B$502, RANDBETWEEN(1, ROWS($B$3:$B$502)),1)} -> 0 | F11: {=INDEX($B$3:$B$502, RANDBETWEEN(1, ROWS($B$3:$B$502)),1)} -> 0 | G11: {=INDEX($B$3:$B$502, RANDBETWEEN(1, ROWS($B$3:$B$502)),1)} -> 0 | H11: {=INDEX($B$3:$B$502, RANDBETWEEN(1, ROWS($B$3:$B$502)),1)} -> 1 | I11: {=INDEX($B$3:$B$502, RANDBETWEEN(1, ROWS($B$3:$B$502)),1)} -> 0 | J11: {=INDEX($B$3:$B$502, RANDBETWEEN(1, ROWS($B$3:$B$502)),1)} -> 0 | ... CX11: {=INDEX($B$3:$B$502, RANDBETWEEN(1, ROWS($B$3:$B$502)),1)} -> 0
A12: 10 | B12: ='sample distribution'!C12 -> 0 | C12: {=INDEX($B$3:$B$502, RANDBETWEEN(1, ROWS($B$3:$B$502)),1)} -> 1 | D12: {=INDEX($B$3:$B$502, RANDBETWEEN(1, ROWS($B$3:$B$502)),1)} -> 0 | E12: {=INDEX($B$3:$B$502, RANDBETWEEN(1, ROWS($B$3:$B$502)),1)} -> 0 | F12: {=INDEX($B$3:$B$502, RANDBETWEEN(1, ROWS($B$3:$B$502)),1)} -> 0 | G12: {=INDEX($B$3:$B$502, RANDBETWEEN(1, ROWS($B$3:$B$502)),1)} -> 0 | H12: {=INDEX($B$3:$B$502, RANDBETWEEN(1, ROWS($B$3:$B$502)),1)} -> 1 | I12: {=INDEX($B$3:$B$502, RANDBETWEEN(1, ROWS($B$3:$B$502)),1)} -> 1 | J12: {=INDEX($B$3:$B$502, RANDBETWEEN(1, ROWS($B$3:$B$502)),1)} -> 0 | ... CX12: {=INDEX($B$3:$B$502, RANDBETWEEN(1, ROWS($B$3:$B$502)),1)} -> 0
A13: 11 | B13: ='sample distribution'!C13 -> 1 | C13: {=INDEX($B$3:$B$502, RANDBETWEEN(1, ROWS($B$3:$B$502)),1)} -> 0 | D13: {=INDEX($B$3:$B$502, RANDBETWEEN(1, ROWS($B$3:$B$502)),1)} -> 1 | E13: {=INDEX($B$3:$B$502, RANDBETWEEN(1, ROWS($B$3:$B$502)),1)} -> 1 | F13: {=INDEX($B$3:$B$502, RANDBETWEEN(1, ROWS($B$3:$B$502)),1)} -> 1 | G13: {=INDEX($B$3:$B$502, RANDBETWEEN(1, ROWS($B$3:$B$502)),1)} -> 0 | H13: {=INDEX($B$3:$B$502, RANDBETWEEN(1, ROWS($B$3:$B$502)),1)} -> 0 | I13: {=INDEX($B$3:$B$502, RANDBETWEEN(1, ROWS($B$3:$B$502)),1)} -> 0 | J13: {=INDEX($B$3:$B$502, RANDBETWEEN(1, ROWS($B$3:$B$502)),1)} -> 0 | ... CX13: {=INDEX($B$3:$B$502, RANDBETWEEN(1, ROWS($B$3:$B$502)),1)} -> 0
A14: 12 | B14: ='sample distribution'!C14 -> 1 | C14: {=INDEX($B$3:$B$502, RANDBETWEEN(1, ROWS($B$3:$B$502)),1)} -> 1 | D14: {=INDEX($B$3:$B$502, RANDBETWEEN(1, ROWS($B$3:$B$502)),1)} -> 0 | E14: {=INDEX($B$3:$B$502, RANDBETWEEN(1, ROWS($B$3:$B$502)),1)} -> 0 | F14: {=INDEX($B$3:$B$502, RANDBETWEEN(1, ROWS($B$3:$B$502)),1)} -> 1 | G14: {=INDEX($B$3:$B$502, RANDBETWEEN(1, ROWS($B$3:$B$502)),1)} -> 0 | H14: {=INDEX($B$3:$B$502, RANDBETWEEN(1, ROWS($B$3:$B$502)),1)} -> 0 | I14: {=INDEX($B$3:$B$502, RANDBETWEEN(1, ROWS($B$3:$B$502)),1)} -> 0 | J14: {=INDEX($B$3:$B$502, RANDBETWEEN(1, ROWS($B$3:$B$502)),1)} -> 1 | ... CX14: {=INDEX($B$3:$B$502, RANDBETWEEN(1, ROWS($B$3:$B$502)),1)} -> 0
... A502: 500 | B502: ='sample distribution'!C502 -> 0 | C502: {=INDEX($B$3:$B$502, RANDBETWEEN(1, ROWS($B$3:$B$502)),1)} -> 0 | D502: {=INDEX($B$3:$B$502, RANDBETWEEN(1, ROWS($B$3:$B$502)),1)} -> 1 | E502: {=INDEX($B$3:$B$502, RANDBETWEEN(1, ROWS($B$3:$B$502)),1)} -> 0 | F502: {=INDEX($B$3:$B$502, RANDBETWEEN(1, ROWS($B$3:$B$502)),1)} -> 0 | G502: {=INDEX($B$3:$B$502, RANDBETWEEN(1, ROWS($B$3:$B$502)),1)} -> 1 | H502: {=INDEX($B$3:$B$502, RANDBETWEEN(1, ROWS($B$3:$B$502)),1)} -> 0 | I502: {=INDEX($B$3:$B$502, RANDBETWEEN(1, ROWS($B$3:$B$502)),1)} -> 0 | J502: {=INDEX($B$3:$B$502, RANDBETWEEN(1, ROWS($B$3:$B$502)),1)} -> 0 | ... CX502: {=INDEX($B$3:$B$502, RANDBETWEEN(1, ROWS($B$3:$B$502)),1)} -> 0
